pt_id,date,survey_minute,time,hour,min,decimal_min,hour_of_day,species,dist_m,estimated_using,cluster_size,height_ft,ground_flying_veg
PS01,20240609,1,19:30,0:00,,,,NA,NA,NA,0,NA,NA
PS01,20240609,2,19:31,0:00,,,,NA,NA,NA,0,NA,NA
PS01,20240609,3,19:32,0:00,,,,NA,NA,NA,0,NA,NA
PS01,20240609,4,19:33,0:00,,,,NA,NA,NA,0,NA,NA
PS01,20240609,5,19:34,0:00,,,,NA,NA,NA,0,NA,NA
PS03,20240609,1,20:03,0:00,,,,NA,NA,NA,0,NA,NA
PS03,20240609,2,20:04,0:00,,,,NA,NA,NA,0,NA,NA
PS03,20240609,3,20:05,0:00,,,,NA,NA,NA,0,NA,NA
PS03,20240609,4,20:06,0:00,,,,NA,NA,NA,0,NA,NA
PS03,20240609,5,20:07,0:00,,,,NA,NA,NA,0,NA,NA
PS09,20240609,1,21:01,0:00,,,,NA,NA,NA,0,NA,NA
PS09,20240609,2,21:02,0:00,,,,NA,NA,NA,0,NA,NA
PS09,20240609,3,21:03,0:00,,,,NA,NA,NA,0,NA,NA
PS09,20240609,4,21:04,0:00,,,,NA,NA,NA,0,NA,NA
PS09,20240609,5,21:05,0:00,,,,NA,NA,NA,0,NA,NA
PS10,20240609,1,20:32,0:00,,,,NA,NA,NA,0,NA,NA
PS10,20240609,2,20:33,0:00,,,,NA,NA,NA,0,NA,NA
PS10,20240609,3,20:34,0:00,,,,NA,NA,NA,0,NA,NA
PS10,20240609,4,20:35,0:00,,,,NA,NA,NA,0,NA,NA
PS10,20240609,5,20:36,0:00,,,,NA,NA,NA,0,NA,NA
PS11,20240609,1,21:21,0:00,,,,NA,NA,NA,0,NA,NA
PS11,20240609,2,21:22,0:00,,,,NA,NA,NA,0,NA,NA
PS11,20240609,3,21:23,0:00,,,,NA,NA,NA,0,NA,NA
PS11,20240609,4,21:24,0:00,,,,NA,NA,NA,0,NA,NA
PS11,20240609,5,21:25,0:00,,,,NA,NA,NA,0,NA,NA
PS04,20240610,1,19:28,0:00,,,,NA,NA,NA,0,NA,NA
PS04,20240610,2,19:29,0:00,,,,NA,NA,NA,0,NA,NA
PS04,20240610,3,19:30,0:00,,,,NA,NA,NA,0,NA,NA
PS04,20240610,4,19:31,0:00,,,,NA,NA,NA,0,NA,NA
PS04,20240610,5,19:32,0:00,,,,NA,NA,NA,0,NA,NA
PS05,20240610,1,20:03,0:00,,,,NA,NA,NA,0,NA,NA
PS05,20240610,2,20:04,0:00,,,,NA,NA,NA,0,NA,NA
PS05,20240610,3,20:05,0:00,,,,NA,NA,NA,0,NA,NA
PS05,20240610,4,20:06,0:00,,,,NA,NA,NA,0,NA,NA
PS05,20240610,5,20:07,0:00,,,,NA,NA,NA,0,NA,NA
PS06,20240610,1,20:16,0:00,,,,NA,NA,NA,0,NA,NA
PS06,20240610,2,20:17,0:00,,,,NA,NA,NA,0,NA,NA
PS06,20240610,3,20:18,0:00,,,,NA,NA,NA,0,NA,NA
PS06,20240610,4,20:19,0:00,,,,NA,NA,NA,0,NA,NA
PS06,20240610,5,20:20,0:00,,,,NA,NA,NA,0,NA,NA
PS07,20240610,1,19:46,0:00,,,,NA,NA,NA,0,NA,NA
PS07,20240610,2,19:47,0:00,,,,NA,NA,NA,0,NA,NA
PS07,20240610,3,19:48,0:00,,,,NA,NA,NA,0,NA,NA
PS07,20240610,4,19:49,0:00,,,,NA,NA,NA,0,NA,NA
PS07,20240610,5,19:50,0:00,,,,NA,NA,NA,0,NA,NA
PS08,20240610,1,20:36,0:00,,,,NA,NA,NA,0,NA,NA
PS08,20240610,2,20:37,0:00,,,,NA,NA,NA,0,NA,NA
PS08,20240610,3,20:38,0:00,,,,NA,NA,NA,0,NA,NA
PS08,20240610,4,20:39,0:00,,,,NA,NA,NA,0,NA,NA
PS08,20240610,5,20:40,0:00,,,,NA,NA,NA,0,NA,NA
PS01,20240617,1,20:56,0:00,,,,NA,NA,NA,0,NA,NA
PS01,20240617,2,20:57,0:00,,,,NA,NA,NA,0,NA,NA
PS01,20240617,3,20:58,0:00,,,,NA,NA,NA,0,NA,NA
PS01,20240617,4,20:59,0:00,,,,NA,NA,NA,0,NA,NA
PS01,20240617,5,21:00,0:00,,,,NA,NA,NA,0,NA,NA
PS03,20240617,1,20:38,0:00,,,,NA,NA,NA,0,NA,NA
PS03,20240617,2,20:39,0:00,,,,NA,NA,NA,0,NA,NA
PS03,20240617,3,20:40,0:00,,,,NA,NA,NA,0,NA,NA
PS03,20240617,4,20:41,0:00,,,,NA,NA,NA,0,NA,NA
PS03,20240617,5,20:42,0:00,,,,NA,NA,NA,0,NA,NA
PS09,20240617,1,19:30,0:00,,,,NA,NA,NA,0,NA,NA
PS09,20240617,2,19:31,0:00,,,,NA,NA,NA,0,NA,NA
PS09,20240617,3,19:32,0:00,,,,NA,NA,NA,0,NA,NA
PS09,20240617,4,19:33,0:00,,,,NA,NA,NA,0,NA,NA
PS09,20240617,5,19:34,0:00,,,,NA,NA,NA,0,NA,NA
PS10,20240617,1,20:13,0:00,,,,NA,NA,NA,0,NA,NA
PS10,20240617,2,20:14,0:00,,,,NA,NA,NA,0,NA,NA
PS10,20240617,3,20:15,0:00,,,,NA,NA,NA,0,NA,NA
PS10,20240617,4,20:16,0:00,,,,NA,NA,NA,0,NA,NA
PS10,20240617,5,20:17,0:00,,,,NA,NA,NA,0,NA,NA
PS11,20240617,1,19:54,0:00,,,,NA,NA,NA,0,NA,NA
PS11,20240617,2,19:55,0:00,,,,NA,NA,NA,0,NA,NA
PS11,20240617,3,19:56,0:00,,,,NA,NA,NA,0,NA,NA
PS11,20240617,4,19:57,0:00,,,,NA,NA,NA,0,NA,NA
PS11,20240617,5,19:58,0:00,,,,NA,NA,NA,0,NA,NA
PS04,20240618,1,20:46,0:00,,,,BW,7,rangefinder,1,2,F
PS04,20240618,1,20:46,0:00,,,,BW,6,rangefinder,1,10,F
PS04,20240618,2,20:47,0:00,,,,BW,6,rangefinder,1,10,F
PS04,20240618,3,20:48,0:00,,,,NA,NA,NA,0,NA,NA
PS04,20240618,4,20:49,0:00,,,,BW,7,rangefinder,1,1,F
PS04,20240618,5,20:50,0:00,,,,BW,5,rangefinder,1,13,V
PS05,20240618,1,20:29,0:00,,,,NA,NA,NA,0,NA,NA
PS05,20240618,2,20:30,0:00,,,,NA,NA,NA,0,NA,NA
PS05,20240618,3,20:31,0:00,,,,NA,NA,NA,0,NA,NA
PS05,20240618,4,20:32,0:00,,,,NA,NA,NA,0,NA,NA
PS05,20240618,5,20:33,0:00,,,,NA,NA,NA,0,NA,NA
PS06,20240618,1,20:16,0:00,,,,NA,NA,NA,0,NA,NA
PS06,20240618,2,20:17,0:00,,,,NA,NA,NA,0,NA,NA
PS06,20240618,3,20:18,0:00,,,,NA,NA,NA,0,NA,NA
PS06,20240618,4,20:19,0:00,,,,NA,NA,NA,0,NA,NA
PS06,20240618,5,20:20,0:00,,,,NA,NA,NA,0,NA,NA
PS07,20240618,1,21:03,0:00,,,,NA,NA,NA,0,NA,NA
PS07,20240618,2,21:04,0:00,,,,NA,NA,NA,0,NA,NA
PS07,20240618,3,21:05,0:00,,,,NA,NA,NA,0,NA,NA
PS07,20240618,4,21:06,0:00,,,,NA,NA,NA,0,NA,NA
PS07,20240618,5,21:07,0:00,,,,NA,NA,NA,0,NA,NA
PS08,20240618,1,19:46,0:00,,,,NA,NA,NA,0,NA,NA
PS08,20240618,2,19:47,0:00,,,,NA,NA,NA,0,NA,NA
PS08,20240618,3,19:48,0:00,,,,BW,15,rangefinder,1,1,F
PS08,20240618,4,19:49,0:00,,,,BW,19,rangefinder,1,2,F
PS08,20240618,5,19:50,0:00,,,,BW,18,rangefinder,1,2,F
CH02,20240619,1,19:45,0:00,,,,NA,NA,NA,0,NA,NA
CH02,20240619,2,19:46,0:00,,,,NA,NA,NA,0,NA,NA
CH02,20240619,3,19:47,0:00,,,,NA,NA,NA,0,NA,NA
CH02,20240619,4,19:48,0:00,,,,NA,NA,NA,0,NA,NA
CH02,20240619,5,19:49,0:00,,,,NA,NA,NA,0,NA,NA
CH03,20240619,1,20:41,0:00,,,,NA,NA,NA,0,NA,NA
CH03,20240619,2,20:42,0:00,,,,NA,NA,NA,0,NA,NA
CH03,20240619,3,20:43,0:00,,,,NA,NA,NA,0,NA,NA
CH03,20240619,4,20:44,0:00,,,,NA,NA,NA,0,NA,NA
CH03,20240619,5,20:45,0:00,,,,NA,NA,NA,0,NA,NA
CH04,20240619,1,20:58,0:00,,,,NA,NA,NA,0,NA,NA
CH04,20240619,2,20:59,0:00,,,,NA,NA,NA,0,NA,NA
CH04,20240619,3,21:00,0:00,,,,NA,NA,NA,0,NA,NA
CH04,20240619,4,21:01,0:00,,,,NA,NA,NA,0,NA,NA
CH04,20240619,5,21:02,0:00,,,,NA,NA,NA,0,NA,NA
CH05,20240619,1,20:11,0:00,,,,NA,NA,NA,0,NA,NA
CH05,20240619,2,20:12,0:00,,,,NA,NA,NA,0,NA,NA
CH05,20240619,3,20:13,0:00,,,,NA,NA,NA,0,NA,NA
CH05,20240619,4,20:14,0:00,,,,NA,NA,NA,0,NA,NA
CH05,20240619,5,20:15,0:00,,,,NA,NA,NA,0,NA,NA
PS04,20240623,1,19:37,0:00,,,,BW,9,rangefinder,1,2-Jan,V
PS04,20240623,1,19:37,0:00,,,,BW,9,rangefinder,1,2-Jan,V
PS04,20240623,1,19:37,0:00,,,,BW,8,rangefinder,1,2-Jan,V
PS04,20240623,1,19:37,0:00,,,,BW,10,rangefinder,1,2-Jan,V
PS04,20240623,1,19:37,0:00,,,,BW,10,rangefinder,1,2-Jan,V
PS04,20240623,1,19:37,0:00,,,,BW,12,rangefinder,1,2-Jan,V
PS04,20240623,1,21:30,0:00,,,,BW,8,rangefinder,1,,NA
PS04,20240623,1,21:30,0:00,,,,BW,13,rangefinder,1,,NA
PS04,20240623,1,21:30,0:00,,,,BW,12,rangefinder,1,,V
PS04,20240623,1,21:30,0:00,,,,BW,2,rangefinder,1,,V
PS04,20240623,1,21:30,0:00,,,,BW,11,rangefinder,1,,V
PS04,20240623,1,21:30,0:00,,,,BW,6,rangefinder,1,,V
PS04,20240623,2,19:40,0:00,,,,BW,1,rangefinder,1,,V
PS04,20240623,2,19:40,0:00,,,,BW,9,rangefinder,1,,V
PS04,20240623,2,19:40,0:00,,,,BW,9,rangefinder,1,,V
PS04,20240623,2,19:40,0:00,,,,BW,8,rangefinder,1,,V
PS04,20240623,2,19:40,0:00,,,,BW,8,rangefinder,1,,V
PS04,20240623,2,19:40,0:00,,,,BW,10,rangefinder,1,,V
PS04,20240623,2,19:40,0:00,,,,BW,11,rangefinder,1,,V
PS04,20240623,2,19:40,0:00,,,,BW,10,rangefinder,1,,V
PS04,20240623,2,19:40,0:00,,,,BW,2,rangefinder,1,,F
PS04,20240623,2,21:31,0:00,,,,BW,15,rangefinder,1,,NA
PS04,20240623,2,21:31,0:00,,,,BW,13,rangefinder,1,,NA
PS04,20240623,2,21:31,0:00,,,,BW,7,rangefinder,1,,NA
PS04,20240623,3,19:42,0:00,,,,BW,8,rangefinder,1,,V
PS04,20240623,3,19:42,0:00,,,,BW,9,rangefinder,1,,V
PS04,20240623,3,19:42,0:00,,,,BW,8,rangefinder,1,,F
PS04,20240623,3,19:42,0:00,,,,BW,6,rangefinder,1,,V
PS04,20240623,3,19:42,0:00,,,,BW,10,rangefinder,1,,V
PS04,20240623,3,19:42,0:00,,,,BW,11,rangefinder,1,,F
PS04,20240623,3,19:42,0:00,,,,BW,4,rangefinder,1,,V
PS04,20240623,3,21:32,0:00,,,,BW,15,rangefinder,1,,NA
PS04,20240623,3,21:32,0:00,,,,BW,2,rangefinder,1,,NA
PS04,20240623,3,21:32,0:00,,,,BW,11,rangefinder,1,,NA
PS04,20240623,4,19:45,0:00,,,,BW,5,rangefinder,1,,F
PS04,20240623,4,19:45,0:00,,,,BW,8,rangefinder,1,,F
PS04,20240623,4,19:45,0:00,,,,BW,7,rangefinder,1,,V
PS04,20240623,4,19:45,0:00,,,,BW,5,rangefinder,1,,V
PS04,20240623,4,19:45,0:00,,,,BW,6,rangefinder,1,,V
PS04,20240623,4,19:45,0:00,,,,BW,7,rangefinder,1,,V
PS04,20240623,4,19:45,0:00,,,,BW,17,rangefinder,1,,F
PS04,20240623,4,19:45,0:00,,,,BW,3,rangefinder,1,,F
PS04,20240623,4,21:33,0:00,,,,BW,11,rangefinder,1,,NA
PS04,20240623,4,21:33,0:00,,,,BW,6,rangefinder,1,,NA
PS04,20240623,5,19:47,0:00,,,,BW,11,rangefinder,1,,F
PS04,20240623,5,19:47,0:00,,,,BW,1,rangefinder,1,,V
PS04,20240623,5,19:47,0:00,,,,BW,7,rangefinder,1,,F
PS04,20240623,5,19:47,0:00,,,,BW,17,rangefinder,1,,F
PS04,20240623,5,19:47,0:00,,,,BW,5,rangefinder,1,,F
PS04,20240623,5,19:47,0:00,,,,BW,12,rangefinder,1,,V
PS04,20240623,5,19:47,0:00,,,,BW,7,rangefinder,1,,V
PS04,20240623,5,19:47,0:00,,,,BW,10,rangefinder,1,,V
PS04,20240623,5,19:47,0:00,,,,BW,10,rangefinder,1,,V
PS04,20240623,5,19:47,0:00,,,,BW,8,rangefinder,1,,V
PS04,20240623,5,21:34,0:00,,,,NA,NA,NA,0,,NA
PS05,20240623,1,20:24,0:00,,,,NA,NA,NA,0,,NA
PS05,20240623,2,20:25,0:00,,,,NA,NA,NA,0,,NA
PS05,20240623,3,20:26,0:00,,,,NA,NA,NA,0,,NA
PS05,20240623,4,20:27,0:00,,,,NA,NA,NA,0,,NA
PS05,20240623,5,20:28,0:00,,,,NA,NA,NA,0,,NA
PS06,20240623,1,20:41,0:00,,,,BW,20,rangefinder,1,,F
PS06,20240623,2,20:42,0:00,,,,NA,NA,NA,0,,NA
PS06,20240623,3,20:43,0:00,,,,NA,NA,NA,0,,NA
PS06,20240623,4,20:44,0:00,,,,NA,NA,NA,0,,NA
PS06,20240623,5,20:45,0:00,,,,BW,25,rangefinder,1,,F
PS07,20240623,1,20:00,0:00,,,,NA,NA,NA,0,,NA
PS07,20240623,2,20:01,0:00,,,,NA,NA,NA,0,,NA
PS07,20240623,3,20:02,0:00,,,,NA,NA,NA,0,,NA
PS07,20240623,4,20:03,0:00,,,,NA,NA,NA,0,,NA
PS07,20240623,5,20:04,0:00,,,,BW,5,rangefinder,1,,F
PS08,20240623,1,21:01,0:00,,,,BW,20,rangefinder,1,,G
PS08,20240623,2,21:02,0:00,,,,BW,8,rangefinder,1,,G
PS08,20240623,3,21:03,0:00,,,,BW,8,rangefinder,1,,G
PS08,20240623,3,21:03,0:00,,,,BW,1,rangefinder,1,,G
PS08,20240623,4,21:04,0:00,,,,BW,1,rangefinder,1,,G
PS08,20240623,5,21:05,0:00,,,,NA,NA,NA,0,,NA
PS01,20240624,1,19:58,0:00,,,,BW,9,rangefinder,1,,
PS01,20240624,2,19:59,0:00,,,,BW,8,rangefinder,1,,
PS01,20240624,2,19:59,0:00,,,,BW,5,rangefinder,1,,
PS01,20240624,2,19:59,0:00,,,,BW,11,rangefinder,1,,
PS01,20240624,2,19:59,0:00,,,,BW,7,rangefinder,1,,
PS01,20240624,2,19:59,0:00,,,,BW,4,rangefinder,1,,
PS01,20240624,3,20:00,0:00,,,,BW,6,rangefinder,1,,F
PS01,20240624,3,20:00,0:00,,,,BW,9,rangefinder,1,,F
PS01,20240624,4,20:01,0:00,,,,BW,4,rangefinder,1,2,F
PS01,20240624,4,20:01,0:00,,,,BW,5,rangefinder,1,3,F
PS01,20240624,5,20:02,0:00,,,,BW,7,rangefinder,1,,F
PS01,20240624,5,20:02,0:00,,,,BW,4,rangefinder,1,12,F
PS03,20240624,1,19:39,0:00,,,,NA,NA,NA,0,,NA
PS03,20240624,2,19:40,0:00,,,,NA,NA,NA,0,,NA
PS03,20240624,3,19:41,0:00,,,,NA,NA,NA,0,,NA
PS03,20240624,4,19:42,0:00,,,,NA,NA,NA,0,,NA
PS03,20240624,5,19:43,0:00,,,,NA,NA,NA,0,,NA
PS10,20240624,1,20:22,0:00,,,,BW,21,rangefinder,1,,
PS10,20240624,2,20:23,0:00,,,,BW,17,rangefinder,1,,F
PS10,20240624,3,20:24,0:00,,,,BW,20,rangefinder,1,,F
PS10,20240624,4,20:25,0:00,,,,BW,16,rangefinder,1,,
PS10,20240624,5,20:26,0:00,,,,BW,17,rangefinder,1,,
PS10,20240624,5,20:26,0:00,,,,BW,20,rangefinder,1,,
CH02,20240630,1,21:00,0:00,,,,NA,NA,NA,0,NA,NA
CH02,20240630,2,21:01,0:00,,,,NA,NA,NA,0,NA,NA
CH02,20240630,3,21:02,0:00,,,,NA,NA,NA,0,NA,NA
CH02,20240630,4,21:03,0:00,,,,NA,NA,NA,0,NA,NA
CH02,20240630,5,21:04,0:00,,,,NA,NA,NA,0,NA,NA
CH03,20240630,1,19:59,0:00,,,,NA,NA,NA,0,NA,NA
CH03,20240630,2,20:00,0:00,,,,NA,NA,NA,0,NA,NA
CH03,20240630,3,20:01,0:00,,,,NA,NA,NA,0,NA,NA
CH03,20240630,4,20:02,0:00,,,,NA,NA,NA,0,NA,NA
CH03,20240630,5,20:03,0:00,,,,NA,NA,NA,0,NA,NA
CH04,20240630,1,19:39,0:00,,,,NA,NA,NA,0,NA,NA
CH04,20240630,2,19:40,0:00,,,,NA,NA,NA,0,NA,NA
CH04,20240630,3,19:41,0:00,,,,NA,NA,NA,0,NA,NA
CH04,20240630,4,19:42,0:00,,,,NA,NA,NA,0,NA,NA
CH04,20240630,5,19:43,0:00,,,,NA,NA,NA,0,NA,NA
CH05,20240630,1,21:28,0:00,,,,NA,NA,NA,0,NA,NA
CH05,20240630,2,21:29,0:00,,,,NA,NA,NA,0,NA,NA
CH05,20240630,3,21:30,0:00,,,,NA,NA,NA,0,NA,NA
CH05,20240630,4,21:31,0:00,,,,NA,NA,NA,0,NA,NA
CH05,20240630,5,21:32,0:00,,,,NA,NA,NA,0,NA,NA
PS04,20240701,1,20:30,0:00,,,,BW,11,rangefinder,1,,
PS04,20240701,1,20:30,0:00,,,,BW,13,rangefinder,1,,
PS04,20240701,1,20:30,0:00,,,,BW,14,rangefinder,1,,
PS04,20240701,1,20:30,0:00,,,,BW,9,rangefinder,1,,
PS04,20240701,1,20:30,0:00,,,,BW,17,rangefinder,1,,
PS04,20240701,2,20:31,0:00,,,,BW,12,rangefinder,1,,
PS04,20240701,2,20:31,0:00,,,,BW,8,rangefinder,1,,
PS04,20240701,2,20:31,0:00,,,,BW,9,rangefinder,1,,
PS04,20240701,2,20:31,0:00,,,,BW,11,rangefinder,1,,
PS04,20240701,2,20:31,0:00,,,,BW,16,rangefinder,1,,
PS04,20240701,2,20:31,0:00,,,,BW,7,rangefinder,1,,
PS04,20240701,2,20:31,0:00,,,,BW,19,rangefinder,1,,
PS04,20240701,3,20:32,0:00,,,,BW,17,rangefinder,1,,
PS04,20240701,3,20:32,0:00,,,,BW,11,rangefinder,1,,
PS04,20240701,3,20:32,0:00,,,,BW,17,rangefinder,1,,
PS04,20240701,3,20:32,0:00,,,,BW,16,rangefinder,1,,
PS04,20240701,4,20:33,0:00,,,,BW,4,rangefinder,1,,
PS04,20240701,4,20:33,0:00,,,,BW,5,rangefinder,1,,
PS04,20240701,4,20:33,0:00,,,,BW,11,rangefinder,1,,
PS04,20240701,4,20:33,0:00,,,,BW,10,rangefinder,1,,
PS04,20240701,4,20:33,0:00,,,,BW,10,rangefinder,1,,
PS04,20240701,4,20:33,0:00,,,,BW,3,rangefinder,1,,
PS04,20240701,4,20:33,0:00,,,,BW,15,rangefinder,1,,
PS04,20240701,4,20:33,0:00,,,,BW,10,rangefinder,1,,
PS04,20240701,5,20:24,0:00,,,,BW,10,rangefinder,1,,
PS04,20240701,5,20:24,0:00,,,,BW,16,rangefinder,1,,
PS04,20240701,5,20:24,0:00,,,,BW,17,rangefinder,1,,
PS04,20240701,5,20:24,0:00,,,,BW,12,rangefinder,1,,
PS04,20240701,5,20:24,0:00,,,,BW,15,rangefinder,1,,
PS05,20240701,1,21:07,0:00,,,,NA,NA,NA,0,,
PS05,20240701,2,21:08,0:00,,,,NA,NA,NA,0,,
PS05,20240701,3,21:09,0:00,,,,BW,27,rangefinder,1,,
PS05,20240701,4,21:10,0:00,,,,NA,NA,NA,0,,
PS05,20240701,5,21:11,0:00,,,,NA,NA,NA,0,,
PS06,20240701,1,21:19,0:00,,,,NA,NA,NA,0,,
PS06,20240701,2,21:20,0:00,,,,NA,NA,NA,0,,
PS06,20240701,3,21:21,0:00,,,,NA,NA,NA,0,,
PS06,20240701,4,21:22,0:00,,,,BW,24,rangefinder,1,,
PS06,20240701,4,21:22,0:00,,,,BW,12,rangefinder,1,,
PS06,20240701,5,21:23,0:00,,,,BW,30,rangefinder,1,,
PS07,20240701,1,19:54,0:00,,,,NA,NA,NA,0,,
PS07,20240701,2,19:55,0:00,,,,NA,NA,NA,0,,
PS07,20240701,3,19:56,0:00,,,,BW,15,rangefinder,1,,
PS07,20240701,4,19:57,0:00,,,,BW,8,rangefinder,1,,
PS07,20240701,4,19:57,0:00,,,,BW,16,rangefinder,1,,
PS07,20240701,5,19:58,0:00,,,,NA,NA,NA,0,,
PS09,20240701,1,19:48,0:00,,,,NA,NA,NA,0,NA,NA
PS09,20240701,2,19:49,0:00,,,,NA,NA,NA,0,NA,NA
PS09,20240701,3,19:50,0:00,,,,NA,NA,NA,0,NA,NA
PS09,20240701,4,19:51,0:00,,,,NA,NA,NA,0,NA,NA
PS09,20240701,5,19:52,0:00,,,,NA,NA,NA,0,NA,NA
 PS03,20240702,1,20:07,0:00,,,,NA,NA,NA,0,,
 PS03,20240702,2,20:08,0:00,,,,NA,NA,NA,0,,
 PS03,20240702,3,20:09,0:00,,,,NA,NA,NA,0,,
 PS03,20240702,4,20:10,0:00,,,,NA,NA,NA,0,,
 PS03,20240702,5,21:11,0:00,,,,NA,NA,NA,0,,
PS01,20240702,1,19:50,0:00,,,,BW,7,rangefinder,1,,
PS01,20240702,1,19:50,0:00,,,,BW,8,rangefinder,1,,
PS01,20240702,1,19:50,0:00,,,,BW,8,rangefinder,1,,
PS01,20240702,1,19:50,0:00,,,,BW,12,rangefinder,1,,
PS01,20240702,2,19:51,0:00,,,,BW,12,rangefinder,1,,
PS01,20240702,2,19:51,0:00,,,,BW,4,rangefinder,1,,
PS01,20240702,2,19:51,0:00,,,,BW,11,rangefinder,1,,
PS01,20240702,2,19:51,0:00,,,,BW,5,rangefinder,1,,
PS01,20240702,2,19:51,0:00,,,,BW,12,rangefinder,1,,
PS01,20240702,3,19:52,0:00,,,,BW,11,rangefinder,1,,
PS01,20240702,3,19:52,0:00,,,,BW,11,rangefinder,1,,
PS01,20240702,3,19:52,0:00,,,,BW,8,rangefinder,1,,
PS01,20240702,3,19:52,0:00,,,,BW,18,rangefinder,1,,
PS01,20240702,3,19:52,0:00,,,,BW,18,rangefinder,1,,
PS01,20240702,3,19:52,0:00,,,,BW,17,rangefinder,1,,
PS01,20240702,4,19:53,0:00,,,,BW,11,rangefinder,1,,
PS01,20240702,4,19:53,0:00,,,,BW,11,rangefinder,1,,
PS01,20240702,4,19:53,0:00,,,,BW,8,rangefinder,1,,
PS01,20240702,4,19:53,0:00,,,,BW,18,rangefinder,1,,
PS01,20240702,4,19:53,0:00,,,,BW,17,rangefinder,1,,
PS01,20240702,5,19:54,0:00,,,,BW,2,rangefinder,1,,
PS01,20240702,5,19:54,0:00,,,,BW,4,rangefinder,1,,
PS01,20240702,5,19:54,0:00,,,,BW,10,rangefinder,1,,
PS01,20240702,5,19:54,0:00,,,,BW,11,rangefinder,1,,
PS01,20240702,5,19:54,0:00,,,,BW,3,rangefinder,1,,
PS01,20240702,5,19:54,0:00,,,,BW,5,rangefinder,1,,
PS01,20240702,5,19:54,0:00,,,,BW,8,rangefinder,1,,
PS01,20240702,5,19:54,0:00,,,,BW,1,rangefinder,1,,
PS01,20240702,5,19:54,0:00,,,,BW,2,rangefinder,1,,
PS01,20240702,5,19:54,0:00,,,,BW,2,rangefinder,1,,
PS11,20240702,1,20:37,0:00,,,,BW,11,rangefinder,1,,
PS11,20240702,1,20:37,0:00,,,,BW,12,rangefinder,1,,
PS11,20240702,2,20:38,0:00,,,,BW,11,rangefinder,1,,
PS11,20240702,3,20:39,0:00,,,,BW,10,rangefinder,1,,
PS11,20240702,3,20:39,0:00,,,,BW,18,rangefinder,1,,
PS11,20240702,3,20:39,0:00,,,,BW,13,rangefinder,1,,
PS11,20240702,4,20:40,0:00,,,,BW,13,rangefinder,1,,
PS11,20240702,5,20:41,0:00,,,,BW,17,rangefinder,1,,
PS11,20240702,5,20:42,0:00,,,,BW,11,rangefinder,1,,
PS04,20240708,1,19:53,0:00,,,,BW,13,rangefinder,1,,
PS04,20240708,1,19:53,0:00,,,,BW,12,rangefinder,1,,
PS04,20240708,1,19:53,0:00,,,,BW,8,rangefinder,1,,
PS04,20240708,1,19:53,0:00,,,,BW,3,rangefinder,1,,
PS04,20240708,1,19:53,0:00,,,,BW,3,rangefinder,1,,
PS04,20240708,1,19:53,0:00,,,,BW,7,rangefinder,1,,
PS04,20240708,2,19:54,0:00,,,,BW,12,rangefinder,1,,
PS04,20240708,2,19:54,0:00,,,,BW,8,rangefinder,1,,
PS04,20240708,2,19:54,0:00,,,,BW,9,rangefinder,1,,
PS04,20240708,2,19:54,0:00,,,,BW,10,rangefinder,1,,
PS04,20240708,2,19:54,0:00,,,,BW,10,rangefinder,1,,
PS04,20240708,2,19:54,0:00,,,,BW,1,rangefinder,1,,
PS04,20240708,3,19:55,0:00,,,,BW,2,rangefinder,1,,
PS04,20240708,3,19:55,0:00,,,,BW,4,rangefinder,1,,
PS04,20240708,3,19:55,0:00,,,,BW,11,rangefinder,1,,
PS04,20240708,3,19:55,0:00,,,,BW,12,rangefinder,1,,
PS04,20240708,3,19:55,0:00,,,,BW,12,rangefinder,1,,
PS04,20240708,3,19:55,0:00,,,,BW,12,rangefinder,1,,
PS04,20240708,4,19:56,0:00,,,,BW,15,rangefinder,1,,
PS04,20240708,4,19:56,0:00,,,,BW,11,rangefinder,1,,
PS04,20240708,4,19:56,0:00,,,,BW,16,rangefinder,1,,
PS04,20240708,4,19:56,0:00,,,,BW,10,rangefinder,1,,
PS04,20240708,4,19:56,0:00,,,,BW,10,rangefinder,1,,
PS04,20240708,4,19:56,0:00,,,,BW,10,rangefinder,1,,
PS04,20240708,4,19:56,0:00,,,,BW,4,rangefinder,1,,
PS04,20240708,4,19:56,0:00,,,,BW,3,rangefinder,1,,
PS04,20240708,4,19:56,0:00,,,,BW,14,rangefinder,1,,
PS04,20240708,5,19:57,0:00,,,,BW,1,rangefinder,1,,
PS04,20240708,5,19:57,0:00,,,,BW,6,rangefinder,1,,
PS04,20240708,5,19:57,0:00,,,,BW,8,rangefinder,1,,
PS04,20240708,5,19:57,0:00,,,,BW,3,rangefinder,1,,
PS05,20240708,1,20:31,0:00,,,,NA,NA,NA,0,,
PS05,20240708,2,20:32,0:00,,,,NA,NA,NA,0,,
PS05,20240708,3,20:33,0:00,,,,NA,NA,NA,0,,
PS05,20240708,4,20:34,0:00,,,,NA,NA,NA,0,,
PS05,20240708,5,20:35,0:00,,,,BW,19,rangefinder,1,,
PS06,20240708,1,20:46,0:00,,,,BW,23,rangefinder,1,,
PS06,20240708,2,20:47,0:00,,,,BW,NA,NA,0,,
PS06,20240708,3,20:48,0:00,,,,BW,NA,NA,0,,
PS06,20240708,4,20:49,0:00,,,,BW,NA,NA,0,,
PS06,20240708,5,20:50,0:00,,,,BW,25,rangefinder,1,,
PS07,20240708,1,20:13,0:00,,,,NA,NA,NA,0,,
PS07,20240708,2,20:14,0:00,,,,NA,NA,NA,0,,
PS07,20240708,3,20:15,0:00,,,,NA,NA,NA,0,,
PS07,20240708,4,20:16,0:00,,,,NA,NA,NA,0,,
PS07,20240708,5,20:17,0:00,,,,NA,NA,NA,0,,
PS08,20240708,1,21:11,0:00,,,,BW,14,rangefinder,1,,
PS08,20240708,2,21:12,0:00,,,,BW,NA,NA,0,,
PS08,20240708,3,21:13,0:00,,,,BW,14,rangefinder,1,,
PS08,20240708,4,21:14,0:00,,,,BW,NA,NA,0,,
PS08,20240708,5,21:15,0:00,,,,BW,5,rangefinder,1,,
PS01,20240709,1,19:49,0:00,,,,BW,12,rangefinder,1,,
PS01,20240709,1,19:49,0:00,,,,BW,13,rangefinder,1,,
PS01,20240709,1,19:49,0:00,,,,BW,11,rangefinder,1,,
PS01,20240709,1,19:49,0:00,,,,BW,6,rangefinder,1,,
PS01,20240709,1,19:49,0:00,,,,BW,9,rangefinder,1,,
PS01,20240709,1,19:49,0:00,,,,BW,6,rangefinder,1,,
PS01,20240709,2,19:50,0:00,,,,BW,6,rangefinder,1,,
PS01,20240709,2,19:50,0:00,,,,BW,7,rangefinder,1,,
PS01,20240709,2,19:50,0:00,,,,BW,7,rangefinder,1,,
PS01,20240709,2,19:50,0:00,,,,BW,6,rangefinder,1,,
PS01,20240709,2,19:50,0:00,,,,BW,8,rangefinder,1,,
PS01,20240709,2,19:50,0:00,,,,BW,8,rangefinder,1,,
PS01,20240709,2,19:50,0:00,,,,BW,9,rangefinder,1,,
PS01,20240709,2,19:50,0:00,,,,BW,12,rangefinder,1,,
PS01,20240709,3,19:51,0:00,,,,BW,8,rangefinder,1,,
PS01,20240709,3,19:51,0:00,,,,BW,10,rangefinder,1,,
PS01,20240709,3,19:51,0:00,,,,BW,8,rangefinder,1,,
PS01,20240709,3,19:51,0:00,,,,BW,7,rangefinder,1,,
PS01,20240709,3,19:51,0:00,,,,BW,8,rangefinder,1,,
PS01,20240709,3,19:51,0:00,,,,BW,4,rangefinder,1,,
PS01,20240709,4,19:52,0:00,,,,BW,3,rangefinder,1,,
PS01,20240709,4,19:52,0:00,,,,BW,1,rangefinder,1,,
PS01,20240709,4,19:52,0:00,,,,BW,7,rangefinder,1,,
PS01,20240709,4,19:52,0:00,,,,BW,9,rangefinder,1,,
PS01,20240709,4,19:52,0:00,,,,BW,4,rangefinder,1,,
PS01,20240709,4,19:52,0:00,,,,BW,11,rangefinder,1,,
PS01,20240709,4,19:52,0:00,,,,BW,9,rangefinder,1,,
PS01,20240709,5,19:53,0:00,,,,BW,19,rangefinder,1,,
PS01,20240709,5,19:53,0:00,,,,BW,12,rangefinder,1,,
PS01,20240709,5,19:53,0:00,,,,BW,8,rangefinder,1,,
PS01,20240709,5,19:53,0:00,,,,BW,7,rangefinder,1,,
PS10,20240709,1,21:00,0:00,,,,NA,NA,NA,0,,
PS10,20240709,2,21:01,0:00,,,,NA,NA,NA,0,,
PS10,20240709,3,21:02,0:00,,,,BW,15,rangefinder,1,,
PS10,20240709,4,21:03,0:00,,,,NA,NA,NA,0,,
PS10,20240709,5,21:04,0:00,,,,NA,NA,NA,0,,
PS09,20240709,1,21:23,0:00,,,,NA,NA,NA,0,,
PS09,20240709,2,21:24,0:00,,,,NA,NA,NA,0,,
PS09,20240709,3,21:25,0:00,,,,NA,NA,NA,0,,
PS09,20240709,4,21:26,0:00,,,,NA,NA,NA,0,,
PS09,20240709,5,21:27,0:00,,,,NA,NA,NA,0,,
PS03,20240709,1,20:20,0:00,,,,NA,NA,NA,0,,
PS03,20240709,2,20:21,0:00,,,,NA,NA,NA,0,,
PS03,20240709,3,20:22,0:00,,,,BW,22,rangefinder,1,,
PS03,20240709,4,20:23,0:00,,,,NA,NA,NA,0,,
PS03,20240709,5,20:24,0:00,,,,NA,NA,NA,0,,
PS04,20240722,1,19:44,0:00,,,,NA,NA,NA,0,,
PS04,20240722,2,19:45,0:00,,,,NA,NA,NA,0,,
PS04,20240722,3,19:46,0:00,,,,NA,NA,NA,0,,
PS04,20240722,4,19:47,0:00,,,,NA,NA,NA,0,,
PS04,20240722,5,19:48,0:00,,,,NA,NA,NA,0,,
PS07,20240722,1,20:11,0:00,,,,NA,NA,NA,0,,
PS07,20240722,2,20:12,0:00,,,,NA,NA,NA,0,,
PS07,20240722,3,20:13,0:00,,,,NA,NA,NA,0,,
PS07,20240722,4,20:14,0:00,,,,NA,NA,NA,0,,
PS07,20240722,5,20:15,0:00,,,,Ukn,20,rangefinder,1,,
PS06,20240722,1,20:30,0:00,,,,NA,NA,rangefinder,0,,
PS06,20240722,2,20:31,0:00,,,,NA,NA,rangefinder,0,,
PS06,20240722,3,20:32,0:00,,,,PK,24,rangefinder,1,,
PS06,20240722,4,20:33,0:00,,,,PK,25,rangefinder,1,,
PS06,20240722,5,20:34,0:00,,,,PK,21,rangefinder,1,,
PS08,20240722,1,20:56,0:00,,,,PK,6,rangefinder,1,,
PS08,20240722,1,20:56,0:00,,,,BW,4,rangefinder,1,,
PS08,20240722,2,20:57,0:00,,,,PK,6,rangefinder,1,,
PS08,20240722,2,20:57,0:00,,,,Ukn,20,rangefinder,1,,
PS08,20240722,3,20:58,0:00,,,,PK,18,rangefinder,1,,
PS08,20240722,3,20:58,0:00,,,,PK,13,rangefinder,1,,
PS08,20240722,4,20:59,0:00,,,,PK,1,rangefinder,1,,
PS08,20240722,4,20:59,0:00,,,,PK,15,rangefinder,1,,
PS08,20240722,5,21:00,0:00,,,,BW,15,rangefinder,1,,
CH02,20240812,1,19:33,0:00,,,,NA,NA,NA,0,,
CH02,20240812,2,19:34,0:00,,,,NA,NA,NA,0,,
CH02,20240812,3,19:35,0:00,,,,NA,NA,NA,0,,
CH02,20240812,4,19:36,0:00,,,,NA,NA,NA,0,,
CH02,20240812,5,19:37,0:00,,,,NA,NA,NA,0,,
CH05,20240812,1,19:57,0:00,,,,NA,NA,NA,0,,
CH05,20240812,2,19:58,0:00,,,,NA,NA,NA,0,,
CH05,20240812,3,19:59,0:00,,,,NA,NA,NA,0,,
CH05,20240812,4,20:00,0:00,,,,NA,NA,NA,0,,
CH05,20240812,5,20:01,0:00,,,,NA,NA,NA,0,,
PS01,20240729,1,19:49,0:00,,,,BW,13,rangefinder,1,,
PS01,20240729,2,19:50,0:00,,,,NA,NA,NA,0,,
PS01,20240729,3,19:51,0:00,,,,NA,NA,NA,0,,
PS01,20240729,4,19:54,0:00,,,,BW,16,rangefinder,1,,
PS01,20240729,4,19:54,0:00,,,,BW,6,rangefinder,1,,
PS01,20240729,4,19:54,0:00,,,,BW,6,rangefinder,1,,
PS01,20240729,5,19:55,0:00,,,,BW,NA,NA,0,,
PS03,20240729,1,20:18,0:00,,,,PK,19,rangefinder,1,,
PS03,20240729,2,20:19,0:00,,,,NA,NA,NA,0,,
PS03,20240729,3,20:20,0:00,,,,PK,13,rangefinder,1,,
PS03,20240729,3,20:20,0:00,,,,PK,5,rangefinder,1,,
PS03,20240729,4,20:21,0:00,,,,PK,10,rangefinder,1,,
PS03,20240729,4,20:21,0:00,,,,PK,9,rangefinder,1,,
PS03,20240729,4,20:21,0:00,,,,PK,7,rangefinder,1,,
PS03,20240729,5,20:22,0:00,,,,PK,11,rangefinder,1,,
PS03,20240729,5,20:22,0:00,,,,BW,19,rangefinder,1,,
PS09,20240729,1,21:18,0:00,,,,NA,NA,NA,0,,
PS09,20240729,2,21:19,0:00,,,,NA,NA,NA,0,,
PS09,20240729,3,21:20,0:00,,,,NA,NA,NA,0,,
PS09,20240729,4,21:21,0:00,,,,NA,NA,NA,0,,
PS09,20240729,5,21:22,0:00,,,,NA,NA,NA,0,,
PS10,20240729,1,21:51,0:00,,,,PK,4,rangefinder,1,,
PS10,20240729,1,21:51,0:00,,,,PK,30,rangefinder,1,,
PS10,20240729,1,21:51,0:00,,,,PK,30,rangefinder,1,,
PS10,20240729,1,21:51,0:00,,,,PK,4,rangefinder,1,,
PS10,20240729,2,21:53,0:00,,,,PK,10,rangefinder,1,,
PS10,20240729,2,21:53,0:00,,,,PK,6,rangefinder,1,,
PS10,20240729,2,21:53,0:00,,,,Ukn,8,rangefinder,1,,
PS10,20240729,2,21:53,0:00,,,,PK,7,rangefinder,1,,
PS10,20240729,2,21:53,0:00,,,,PK,7,rangefinder,1,,
PS10,20240729,3,21:54,0:00,,,,PK,10,rangefinder,1,,
PS10,20240729,3,21:54,0:00,,,,PK,10,rangefinder,1,,
PS10,20240729,3,21:54,0:00,,,,PK,4,rangefinder,1,,
PS10,20240729,3,21:54,0:00,,,,PK,15,rangefinder,1,,
PS10,20240729,4,21:55,0:00,,,,PK,10,rangefinder,1,,
PS10,20240729,4,21:55,0:00,,,,PK,10,rangefinder,1,,
PS10,20240729,4,21:55,0:00,,,,PK,4,rangefinder,1,,
PS10,20240729,4,21:55,0:00,,,,PK,15,rangefinder,1,,
PS10,20240729,5,21:56,0:00,,,,PK,3,rangefinder,1,,
PS10,20240729,5,21:56,0:00,,,,PK,8,rangefinder,1,,
PS10,20240729,5,21:56,0:00,,,,PK,20,rangefinder,1,,
PS10,20240729,5,21:56,0:00,,,,PK,21,rangefinder,1,,
PS07,20240803,1,21:01,0:00,,,,PK,3,rangefinder,1,,
PS07,20240803,2,21:02,0:00,,,,PK,25,rangefinder,1,,
PS07,20240803,2,21:02,0:00,,,,PK,25,rangefinder,1,,
PS07,20240803,3,21:03,0:00,,,,PK,2,rangefinder,1,,
PS07,20240803,3,21:03,0:00,,,,PK,2,rangefinder,1,,
PS07,20240803,3,21:03,0:00,,,,PK,2,rangefinder,1,,
PS07,20240803,3,21:03,0:00,,,,PK,20,rangefinder,1,,
PS07,20240803,4,21:04,0:00,,,,PK,20,rangefinder,1,,
PS07,20240803,4,21:04,0:00,,,,PK,8,rangefinder,1,,
PS07,20240803,4,21:04,0:00,,,,PK,8,rangefinder,1,,
PS07,20240803,4,21:04,0:00,,,,PK,10,rangefinder,1,,
PS07,20240803,5,21:05,0:00,,,,PK,NA,NA,0,,
PS06,20240803,1,21:45,0:00,,,,NA,NA,NA,0,,
PS06,20240803,2,21:46,0:00,,,,NA,NA,NA,0,,
PS06,20240803,3,21:47,0:00,,,,BW,15,rangefinder,1,,
PS06,20240803,4,21:48,0:00,,,,Ukn,30,rangefinder,1,,
PS06,20240803,5,21:49,0:00,,,,NA,NA,NA,0,,
PS04,20240803,1,21:55,0:00,,,,NA,NA,NA,0,,
PS04,20240803,2,21:56,0:00,,,,NA,NA,NA,0,,
PS04,20240803,3,21:57,0:00,,,,NA,NA,NA,0,,
PS04,20240803,4,21:58,0:00,,,,NA,NA,NA,0,,
PS04,20240803,5,21:59,0:00,,,,NA,NA,NA,0,,
PS08,20240803,1,20:21,0:00,,,,NA,NA,NA,0,,
PS08,20240803,2,20:22,0:00,,,,NA,NA,NA,0,,
PS08,20240803,3,20:23,0:00,,,,NA,NA,NA,0,,
PS08,20240803,4,20:24,0:00,,,,NA,NA,NA,0,,
PS08,20240803,5,20:25,0:00,,,,NA,NA,NA,0,,
PS01,20240813,1,19:59,0:00,,,,PK,7,rangefinder,1,,
PS01,20240813,2,20:00,0:00,,,,PK,7,rangefinder,1,,
PS01,20240813,2,20:00,0:00,,,,Ukn,6,rangefinder,1,,
PS01,20240813,3,20:01,0:00,,,,PK,8,rangefinder,1,,
PS01,20240813,4,20:02,0:00,,,,NA,NA,NA,0,,
PS01,20240813,5,20:03,0:00,,,,PK,16,rangefinder,1,,
PS07,20240813,1,20:28,0:00,,,,PK,11,rangefinder,1,,
PS07,20240813,1,20:28,0:00,,,,PK,15,rangefinder,1,,
PS07,20240813,1,20:28,0:00,,,,PK,19,rangefinder,1,,
PS07,20240813,2,20:29,0:00,,,,PK,13,rangefinder,1,,
PS07,20240813,2,20:29,0:00,,,,PK,20,rangefinder,1,,
PS07,20240813,3,20:30,0:00,,,,PK,6,rangefinder,1,,
PS07,20240813,3,20:30,0:00,,,,PK,18,rangefinder,1,,
PS07,20240813,3,20:30,0:00,,,,PK,13,rangefinder,1,,
PS07,20240813,3,20:30,0:00,,,,PK,14,rangefinder,1,,
PS07,20240813,3,20:30,0:00,,,,PK,8,rangefinder,1,,
PS07,20240813,4,20:31,0:00,,,,PK,3,rangefinder,1,,
PS07,20240813,4,20:31,0:00,,,,PK,12,rangefinder,1,,
PS07,20240813,4,20:31,0:00,,,,PK,8,rangefinder,1,,
PS07,20240813,4,20:31,0:00,,,,PK,30,rangefinder,1,,
PS07,20240813,5,20:32,0:00,,,,PK,6,rangefinder,1,,
PS07,20240813,5,20:32,0:00,,,,PK,21,rangefinder,1,,
PS07,20240813,5,20:32,0:00,,,,PK,27,rangefinder,1,,
PS07,20240813,5,20:32,0:00,,,,PK,8,rangefinder,1,,
PS05,20240813,1,20:56,0:00,,,,PK,27,rangefinder,1,,
PS05,20240813,1,20:56,0:00,,,,PK,27,rangefinder,1,,
PS05,20240813,1,20:56,0:00,,,,PK,32,rangefinder,1,,
PS05,20240813,2,20:57,0:00,,,,PK,25,rangefinder,1,,
PS05,20240813,2,20:57,0:00,,,,PK,27,rangefinder,1,,
PS05,20240813,3,20:58,0:00,,,,PK,18,rangefinder,1,,
PS05,20240813,3,20:58,0:00,,,,PK,20,rangefinder,1,,
PS05,20240813,4,20:59,0:00,,,,PK,34,rangefinder,1,,
PS05,20240813,4,20:59,0:00,,,,PK,16,rangefinder,1,,
PS05,20240813,4,20:59,0:00,,,,PK,15,rangefinder,1,,
PS05,20240813,4,20:59,0:00,,,,PK,12,rangefinder,1,,
PS05,20240813,5,21:00,0:00,,,,PK,20,rangefinder,1,,
PS05,20240813,5,21:00,0:00,,,,PK,15,rangefinder,1,,
PS05,20240813,5,21:00,0:00,,,,PK,10,rangefinder,1,,
PS05,20240813,5,21:00,0:00,,,,PK,20,rangefinder,1,,
PS06,20240813,1,21:09,0:00,,,,PK,11,rangefinder,1,,
PS06,20240813,1,21:09,0:00,,,,PK,10,rangefinder,1,,
PS06,20240813,1,21:09,0:00,,,,PK,16,rangefinder,1,,
PS06,20240813,1,21:09,0:00,,,,PK,13,rangefinder,1,,
PS06,20240813,2,21:10,0:00,,,,PK,18,rangefinder,1,,
PS06,20240813,2,21:10,0:00,,,,PK,14,rangefinder,1,,
PS06,20240813,2,21:10,0:00,,,,PK,16,rangefinder,1,,
PS06,20240813,3,21:11,0:00,,,,PK,8,rangefinder,1,,
PS06,20240813,3,21:11,0:00,,,,PK,4,rangefinder,1,,
PS06,20240813,4,21:11,0:00,,,,PK,2,rangefinder,1,,
PS06,20240813,4,21:11,0:00,,,,PK,2,rangefinder,1,,
PS06,20240813,4,21:11,0:00,,,,PK,6,rangefinder,1,,
PS06,20240813,4,21:11,0:00,,,,PK,4,rangefinder,1,,
PS06,20240813,5,21:12,0:00,,,,PK,5,rangefinder,1,,
PS06,20240813,5,21:12,0:00,,,,PK,21,rangefinder,1,,
PS06,20240813,5,21:12,0:00,,,,PK,5,rangefinder,1,,
PS08,20240813,1,21:29,0:00,,,,PK,36,rangefinder,1,,
PS08,20240813,1,21:29,0:00,,,,Ukn,11,rangefinder,1,,
PS08,20240813,1,21:29,0:00,,,,PK,16,rangefinder,1,,
PS08,20240813,2,21:30,0:00,,,,PK,16,rangefinder,1,,
PS08,20240813,2,21:30,0:00,,,,PK,21,rangefinder,1,,
PS08,20240813,3,21:31,0:00,,,,PK,18,rangefinder,1,,
PS08,20240813,3,21:31,0:00,,,,PK,11,rangefinder,1,,
PS08,20240813,3,21:31,0:00,,,,PK,13,rangefinder,1,,
PS08,20240813,4,21:32,0:00,,,,PK,22,rangefinder,1,,
PS08,20240813,4,21:32,0:00,,,,PK,22,rangefinder,1,,
PS08,20240813,4,21:32,0:00,,,,PK,13,rangefinder,1,,
PS08,20240813,5,21:33,0:00,,,,PK,4,rangefinder,1,,
PS08,20240813,5,21:33,0:00,,,,PK,13,rangefinder,1,,
PS08,20240813,5,21:33,0:00,,,,PK,9,rangefinder,1,,
PS08,20240813,5,21:33,0:00,,,,PK,15,rangefinder,1,,
PS08,20240813,5,21:33,0:00,,,,PK,20,rangefinder,1,,
PS08,20240813,5,21:33,0:00,,,,PK,15,rangefinder,1,,
PS03,20240813,1,19:41,0:00,,,,NA,NA,NA,0,,
PS03,20240813,2,19:42,0:00,,,,NA,NA,NA,0,,
PS03,20240813,3,19:43,0:00,,,,NA,NA,NA,0,,
PS03,20240813,4,19:44,0:00,,,,NA,NA,NA,0,,
PS03,20240813,5,19:45,0:00,,,,NA,NA,NA,0,,